"Id","Name","NumberOfEmployees"
"0018c00002YAVPQAA5","Sample Account for Entitlements",""
"0018c00002YEUuyAAH","Acme",""
"0018c00002Y0dR1AAJ","Edge Communications","1000"
"0018c00002Y0dR2AAJ","Burlington Textiles Corp of America","9000"
"0018c00002Y0dR3AAJ","Pyramid Construction Inc.","2680"
"0018c00002Y0dR4AAJ","Dickenson plc","120"
"0018c00002Y0dR5AAJ","Grand Hotels & Resorts Ltd","5600"
"0018c00002Y0dR6AAJ","United Oil & Gas Corp.","145000"
"0018c00002Y0dR7AAJ","Express Logistics and Transport","12300"
"0018c00002Y0dR8AAJ","University of Arizona","39000"
"0018c00002Y0dR9AAJ","United Oil & Gas, UK","24000"
"0018c00002Y0dRAAAZ","United Oil & Gas, Singapore","3000"
"0018c00002Y0dRBAAZ","GenePoint","265"
"0018c00002Y0dRCAAZ","sForce",""
"0018c00002ksMLGAA2","Postman",""
"0018c00002YDWWZAA5","Test Trigger2",""
"0018c00002YDWZYAA5","Account with Defaults",""
"0018c00002YDY9oAAH","Lions & Cats",""
"0018c00002YDWZAAA5","Another Account with Defaults",""
"0018c00002YDUn4AAH","SFDC Computing","50"
"0018c00002YDUn5AAH","The SFDC Query Man","50"
"0018c00002YDWkiAAH","Apples & Oranges",""
"0018c00002a9JgCAAU","Get Cloudy",""
"0018c00002a9JoLAAU","Get Cloudy South",""
"0018c00002a9JAqAAM","Get Cloudy West",""
